Név;Irányítószám;Életkor;E-mail cím;TAJ szám
Lynsey Rosenstock;4734;96;lrosenstock0@ameblo.jp;176396141
Kaleb Lukacs;8312;57;klukacs1@vk.com;088486561
Egon Sievewright;2112;51;esievewright2@msn.com;511191233
Hadrian Ashburne;4734;11;hashburne3@disqus.com;836867312
Minetta Sturdey;8244;99;msturdey4@geocities.com;777792245
Jori Hannent;2143;75;jhannent5@go.com;328075357
Belinda Mityushkin;8312;11;bmityushkin6@dagondesign.com;501673789
Jerry Vondrasek;5309;91;jvondrasek7@comsenz.com;165651107
Pearle Jouen;8990;96;pjouen8@youtube.com;045050101
Chrystel Prescott;2170;16;cprescott9@free.fr;929450348
Ximenes Noblet;1073;94;xnobleta@auda.org.au;588049842
Florian Verni;1073;85;fvernib@google.com.au;111383889
Matilda Lilywhite;6066;43;mlilywhitec@amazonaws.com;669176849
Faun Manderson;4734;77;fmandersond@addtoany.com;146556386
Beryl Lembcke;2170;17;blembckee@businesswire.com;279735627
Avis Bowstead;7094;21;abowsteadf@ow.ly;552405188
Howard Britney;2143;65;hbritneyg@angelfire.com;470854354
Kiley Galpin;5064;70;kgalpinh@cbsnews.com;085168875
Raymond Hanes;8978;92;rhanesi@blogtalkradio.com;133867075
Tierney Alcott;1073;58;talcottj@walmart.com;468484297
Tarah Boddie;5309;54;tboddiek@rakuten.co.jp;085761885
Flory Touret;3573;43;ftouretl@dot.gov;549781660
Violetta Gianetti;5309;82;vgianettim@free.fr;089884582
Katya Postle;5309;54;kpostlen@sbwire.com;292282715
Debi Leet;8244;34;dleeto@nytimes.com;047255405
Sonja Nunnery;7822;56;snunneryp@cafepress.com;123770154
Annmaria Sherwen;8312;15;asherwenq@intel.com;352334754
Anissa Bagot;4734;18;abagotr@independent.co.uk;569250591
Eduino Campe;6066;75;ecampes@dot.gov;575594676
Leela Longcake;8925;53;llongcaket@netscape.com;006358660
Chrotoem Jedrasik;2170;98;cjedrasiku@youtube.com;507762179
Marcella Toop;7094;96;mtoopv@soup.io;543567891
Thaddus McDavitt;5064;72;tmcdavittw@arstechnica.com;756398132
Elvera Gerrelts;7822;87;egerreltsx@jiathis.com;546437306
Lucina Kingswood;3035;60;lkingswoody@desdev.cn;120217711
Darwin BoHlingolsen;8312;28;dbohlingolsenz@php.net;797597745
Gwen Pilch;7094;47;gpilch10@surveymonkey.com;925862035
Natalee Bensusan;8978;79;nbensusan11@gmpg.org;193430923
Dollie Parratt;3035;84;dparratt12@tumblr.com;915529553
Zonda Manske;8312;84;zmanske13@behance.net;508322244
Cosme Lackner;8973;28;clackner14@independent.co.uk;799615829
Marlow Mallya;2112;57;mmallya15@gnu.org;101932569
Ely Caldes;7822;42;ecaldes16@walmart.com;363700944
Tadio Cordeux;7822;35;tcordeux17@csmonitor.com;533782727
Nicol Kidder;2243;74;nkidder18@china.com.cn;988716434
Filbert Peltzer;4734;83;fpeltzer19@reference.com;267265484
Eduino Burren;6066;49;eburren1a@xrea.com;157160365
Augustin Klaassens;4090;30;aklaassens1b@dion.ne.jp;194777461
Tibold Keel;2143;51;tkeel1c@twitpic.com;810965904
Jeannette Aindriu;5064;55;jaindriu1d@loc.gov;311107366
Donella Lampe;7822;58;dlampe1e@intel.com;485105036
Holly Cason;8978;29;hcason1f@ycombinator.com;141176011
Tynan De Giorgi;3573;99;tde1g@xrea.com;930982102
Martie Pol;4090;38;mpol1h@weibo.com;253633693
Brynn Sukbhans;1073;100;bsukbhans1i@weather.com;276235403
Cassius Ancliff;6066;97;cancliff1j@go.com;293231558
Christos Dunkerley;2143;30;cdunkerley1k@home.pl;359003837
Moselle Porte;2143;55;mporte1l@techcrunch.com;257855280
Friederike Hiseman;8244;87;fhiseman1m@nytimes.com;284937627
Ellerey Wardale;4090;64;ewardale1n@jigsy.com;981269104
Kenyon Knights;8925;85;kknights1o@exblog.jp;923573911
Zorina Cator;2170;12;zcator1p@earthlink.net;373821415
Bond McNiven;2143;48;bmcniven1q@va.gov;322911325
Malissia Clissold;2657;54;mclissold1r@bravesites.com;582356081
Morley Swanne;3573;29;mswanne1s@msu.edu;440226662
Gale Siemons;4090;24;gsiemons1t@taobao.com;311960804
Cecily Follos;3573;11;cfollos1u@reverbnation.com;144846041
Marylee Edlestone;8244;62;medlestone1v@blogtalkradio.com;649176261
Jerrine Danhel;1073;68;jdanhel1w@networksolutions.com;107979111
Lela Bartkiewicz;7094;26;lbartkiewicz1x@domainmarket.com;390170213
Bevin Frain;8925;22;bfrain1y@thetimes.co.uk;188708125
Carita Fields;2243;69;cfields1z@altervista.org;232023196
Aloisia Westfalen;8990;53;awestfalen20@wired.com;785358987
Silvan Ferron;2143;48;sferron21@samsung.com;861117723
Abagael Pottery;8244;89;apottery22@acquirethisname.com;120869767
Maryellen Conradsen;3573;98;mconradsen23@artisteer.com;787231187
Doloritas Powley;8925;87;dpowley24@last.fm;298115761
Emilie Moynham;5064;100;emoynham25@kickstarter.com;758402332
Hasty Bromfield;6066;52;hbromfield26@twitter.com;305030632
Obediah Tristram;1073;51;otristram27@g.co;567211875
Riccardo Jossum;5309;26;rjossum28@cbsnews.com;187139078
Milly Nary;8244;72;mnary29@baidu.com;522770445
Bernardo Fendlow;5309;62;bfendlow2a@people.com.cn;276361391
Elmore Hemmingway;2143;81;ehemmingway2b@ycombinator.com;338312301
Tabbie Fenck;4090;81;tfenck2c@newyorker.com;982254800
Gaelan Phillipps;8990;75;gphillipps2d@nymag.com;218798377
Doris Bullen;7822;96;dbullen2e@mac.com;809753934
Gwynne Ebenezer;1073;45;gebenezer2f@cnn.com;643006997
Mallory Plait;8973;95;mplait2g@tmall.com;130887917
Lutero O'Sheeryne;8312;99;losheeryne2h@simplemachines.org;248750521
Patin Neaves;8990;57;pneaves2i@github.io;302194746
Collen Byk;2657;84;cbyk2j@google.cn;358716655
Taite Latta;2170;19;tlatta2k@moonfruit.com;912092788
Robbyn Haggerstone;3573;32;rhaggerstone2l@amazon.de;009034554
Starla Smissen;8990;10;ssmissen2m@xing.com;566104086
Ganny Ogdahl;2243;91;gogdahl2n@opensource.org;813668680
Taryn Livard;1073;54;tlivard2o@elegantthemes.com;508598368
Boote Celloni;2657;22;bcelloni2p@topsy.com;768498008
Vickie Longthorn;1073;86;vlongthorn2q@indiegogo.com;981273772
Ruperto Tschirasche;7822;11;rtschirasche2r@youtu.be;774753045
Barnaby Legerton;3035;97;blegerton2s@rediff.com;566567117
Clayton Westraw;4090;76;cwestraw2t@reverbnation.com;539165443
Marin Jachimczak;5309;53;mjachimczak2u@hao123.com;799026865
Jacqui Reichhardt;5064;58;jreichhardt2v@usatoday.com;083389388
Forrest Monkleigh;5064;98;fmonkleigh2w@smugmug.com;414466102
Reginald Rougier;5309;35;rrougier2x@state.gov;121478562
Nedda Hackelton;4734;70;nhackelton2y@accuweather.com;399384772
Danielle Gayler;4734;50;dgayler2z@vistaprint.com;260331751
Bernete Thwaites;2657;69;bthwaites30@ihg.com;894220229
Milly Rolston;3573;49;mrolston31@time.com;154975827
Bobbette Doige;8244;40;bdoige32@xrea.com;579030110
Nikolas Hambribe;2243;86;nhambribe33@elpais.com;154075642
Bendite Ivankovic;1073;13;bivankovic34@google.com.hk;407966020
Pier Lilie;4090;81;plilie35@rakuten.co.jp;036805842
Merilyn Figures;4734;46;mfigures36@hhs.gov;227634158
Scotti Stourton;8973;65;sstourton37@delicious.com;120565029
Korey Antonutti;3573;15;kantonutti38@scientificamerican.com;004159894
Leroy Lieb;8925;10;llieb39@taobao.com;825350889
Kati Niblo;8312;43;kniblo3a@reverbnation.com;059229579
Gael Beasley;2243;37;gbeasley3b@gizmodo.com;737771880
Lotti Airton;8978;84;lairton3c@wikispaces.com;210258888
Torey Endacott;2657;53;tendacott3d@economist.com;145689218
Maureen Lorenz;2112;85;mlorenz3e@symantec.com;327375850
Launce Herkess;2243;60;lherkess3f@mozilla.org;014962578
Clem Corneck;3035;17;ccorneck3g@dmoz.org;430508286
Irwinn Ghioni;4734;13;ighioni3h@discovery.com;316674713
Renell Matz;4734;56;rmatz3i@indiatimes.com;436268858
Zarla Eade;5064;84;zeade3j@state.tx.us;409450198
Melva Ortet;7822;64;mortet3k@engadget.com;863536018
Jimmie Augustin;1073;66;jaugustin3l@exblog.jp;714440615
Blinni Cicchelli;2112;79;bcicchelli3m@yahoo.com;473195449
Lilli Gronaller;8925;68;lgronaller3n@furl.net;136571438
Butch Coleborn;8978;38;bcoleborn3o@last.fm;600231895
Galvan Gabel;8990;97;ggabel3p@tamu.edu;962690224
Jess Goning;2143;69;jgoning3q@aboutads.info;038100837
Letizia Foucher;8925;58;lfoucher3r@usa.gov;007473881
Jodi Kordova;7094;20;jkordova3s@mtv.com;163709752
Guilbert Onele;8925;83;gonele3t@last.fm;118386609
Welsh Domleo;7822;21;wdomleo3u@narod.ru;117757152
Leann Newborn;8925;25;lnewborn3v@weebly.com;659005445
Zaccaria Murrells;2143;36;zmurrells3w@myspace.com;040357089
Sisile Hilland;8925;66;shilland3x@wufoo.com;990120247
Perry Ticic;8990;79;pticic3y@nymag.com;706780806
Arther Pollins;3035;20;apollins3z@com.com;289516834
Taddeo Sowman;8978;10;tsowman40@amazon.de;276598197
Olia De Normanville;6066;14;ode41@newsvine.com;175764545
Perceval Bent;8925;26;pbent42@chronoengine.com;463851465
Margot Grzegorecki;5064;29;mgrzegorecki43@w3.org;153081723
Gradeigh Holdren;5064;25;gholdren44@dmoz.org;301809908
Allyn Adolfson;8990;85;aadolfson45@4shared.com;993382187
Elisabeth Moscone;5309;49;emoscone46@diigo.com;743560702
Agnola Sturmey;7822;10;asturmey47@skyrock.com;773872457
Baxie Bemlott;2243;25;bbemlott48@hhs.gov;596426741
Vitoria Ellsbury;2112;26;vellsbury49@whitehouse.gov;528711727
Casie Croysdale;8925;90;ccroysdale4a@drupal.org;508527827
Norrie Callander;8244;94;ncallander4b@reverbnation.com;112689830
Kerri Flores;5064;93;kflores4c@ihg.com;349437464
Olimpia Meeny;6066;47;omeeny4d@wikipedia.org;329974332
Thomasa O'Carran;8978;84;tocarran4e@thetimes.co.uk;188218178
Jared Cordner;3573;33;jcordner4f@purevolume.com;074579127
Constantine Goullee;8925;48;cgoullee4g@patch.com;208130721
Trudy Clementel;4734;10;tclementel4h@cyberchimps.com;105607669
Moritz Heselwood;3573;68;mheselwood4i@google.ca;375274800
Vilhelmina Luciano;8978;38;vluciano4j@w3.org;632620591
Rab Grane;2143;65;rgrane4k@umich.edu;271357199
Dulcie Gligori;7822;17;dgligori4l@arstechnica.com;888317038
Rex Culligan;2112;23;rculligan4m@japanpost.jp;957641437
Cort Singh;8925;67;csingh4n@bigcartel.com;682262776
Phil Maulkin;2112;74;pmaulkin4o@cafepress.com;643545296
Bendick Bowmen;7094;40;bbowmen4p@latimes.com;232229893
Debbie Kilfedder;4090;82;dkilfedder4q@desdev.cn;593696675
Alfonse Philippson;5309;33;aphilippson4r@tuttocitta.it;385486509
Griff Hun;2170;44;ghun4s@google.it;968804272
Melamie Timms;6066;81;mtimms4t@yellowpages.com;157933899
Kiri Roch;2243;51;kroch4u@webmd.com;007268205
Chere Columbine;8978;73;ccolumbine4v@cisco.com;081700376
Johnny Wildbore;4734;33;jwildbore4w@exblog.jp;597396267
Karalee Swenson;5309;54;kswenson4x@intel.com;799886429
Penny Covill;6066;61;pcovill4y@gov.uk;243807479
Tam Simond;2170;99;tsimond4z@ftc.gov;122307175
Vale Oliver-Paull;1073;61;voliverpaull50@qq.com;612015786
Jordanna Letterese;8973;93;jletterese51@123-reg.co.uk;487254415
Hayden McVeighty;8990;81;hmcveighty52@usda.gov;978633356
Tracy Powton;2143;99;tpowton53@sina.com.cn;018580701
Brittany Ashment;7822;95;bashment54@washingtonpost.com;399196029
Estel Size;8990;25;esize55@unc.edu;434863512
Kathe Balsdon;8990;40;kbalsdon56@1688.com;492100613
Orv McDonough;5064;71;omcdonough57@ebay.com;846827544
Penny Konig;2657;88;pkonig58@slate.com;375321681
Mariejeanne Etheredge;2170;42;metheredge59@arizona.edu;061032967
Sandro Trimby;7822;22;strimby5a@opensource.org;285073308
Finlay Slimm;8978;81;fslimm5b@technorati.com;782195837
Mill Featherstone;2170;63;mfeatherstone5c@mail.ru;660730527
Cathe Winter;4734;40;cwinter5d@vkontakte.ru;679134125
Jaquenetta Comini;5309;52;jcomini5e@desdev.cn;246412083
Chastity Gouldthorp;8990;33;cgouldthorp5f@woothemes.com;458423006
Heywood Abbati;8973;69;habbati5g@t.co;762526459
Travus Antonsen;8990;88;tantonsen5h@ftc.gov;995914164
Kimble Winterton;4734;45;kwinterton5i@slate.com;721636269
Tobias Sebire;8244;63;tsebire5j@sphinn.com;867590346
Max Eddleston;8990;88;meddleston5k@newsvine.com;823711161
Alistair Campelli;8925;91;acampelli5l@ucsd.edu;593489442
Tades Delea;2657;93;tdelea5m@so-net.ne.jp;264144492
Halimeda Axworthy;1073;12;haxworthy5n@blog.com;700180954
Alissa London;8244;50;alondon5o@nationalgeographic.com;305465689
Jamill Surphliss;1073;46;jsurphliss5p@icio.us;782939242
Chelsie McWhinnie;6066;98;cmcwhinnie5q@dell.com;572867151
Anet Winny;8978;61;awinny5r@house.gov;944732236
Boot Mingus;1073;89;bmingus5s@e-recht24.de;393592973
Neala Mc Ilory;7822;76;nmc5t@sourceforge.net;190296432
Elyse Nerger;8978;67;energer5u@bbb.org;265851056
Maxi Revening;4090;19;mrevening5v@cafepress.com;598305613
Catherine Scullion;7822;75;cscullion5w@sbwire.com;609362709
Lynde Redwing;3035;61;lredwing5x@answers.com;634146301
Thibaut Brehault;8312;69;tbrehault5y@bizjournals.com;530918716
Gaylord MacGinley;5309;51;gmacginley5z@wisc.edu;964965007
Sophie Howick;8990;43;showick60@bandcamp.com;577901445
Remington Petschel;8978;35;rpetschel61@theguardian.com;911686380
Adelaida Polhill;5064;55;apolhill62@engadget.com;222698616
Keri McNelly;8244;63;kmcnelly63@fda.gov;212576832
Ailina Kingsly;7094;38;akingsly64@whitehouse.gov;529200770
Roxy Grubbe;5064;79;rgrubbe65@google.nl;826754493
Imelda Gino;3573;85;igino66@google.com.au;667929072
Rhianon Eberst;8973;25;reberst67@blogger.com;973371839
Lucian Mugglestone;5064;66;lmugglestone68@angelfire.com;186573956
Gasparo Brandts;3035;69;gbrandts69@netscape.com;492816253
Darbie Angrave;3035;69;dangrave6a@de.vu;906173509
Paulie Merman;2243;91;pmerman6b@naver.com;919439661
Robers Gehricke;6066;80;rgehricke6c@jimdo.com;220748856
Craig Skelding;8973;48;cskelding6d@epa.gov;548440447
Ansel Perassi;3035;46;aperassi6e@hexun.com;658567580
Melinda Arnholtz;8244;62;marnholtz6f@nifty.com;230143564
Ella Epple;2170;43;eepple6g@tripod.com;370178758
Frasco Castilla;2657;29;fcastilla6h@hud.gov;617559683
Sean Coton;5064;61;scoton6i@ezinearticles.com;000231581
Ignaz Meegan;8990;91;imeegan6j@mysql.com;406766267
Crosby Bracknall;2243;32;cbracknall6k@gmpg.org;678774274
Les Teodori;8973;55;lteodori6l@businessinsider.com;103510567
Kin Surphliss;8973;69;ksurphliss6m@gizmodo.com;413615352
Rosetta Phelp;2143;71;rphelp6n@canalblog.com;015477464
Olwen Jeannesson;3573;46;ojeannesson6o@cnet.com;860486543
Lorelei Sympson;8978;49;lsympson6p@dion.ne.jp;169091013
Holmes Jardine;2657;96;hjardine6q@webnode.com;502830934
Basile Mosley;5309;57;bmosley6r@shutterfly.com;850065978
Urson Dunridge;4734;59;udunridge6s@oakley.com;010549014
Nowell Pierce;3035;31;npierce6t@vinaora.com;423502145
Hillyer Cantopher;2243;91;hcantopher6u@1688.com;166901340
Jeannette Anthes;3035;27;janthes6v@angelfire.com;141925754
Hally Ramsdale;7822;54;hramsdale6w@cam.ac.uk;519244041
Mathias Meltetal;4090;16;mmeltetal6x@tumblr.com;087961122
Raina Hounsham;7822;94;rhounsham6y@webnode.com;814466544
Arlan Tommaseo;8990;79;atommaseo6z@devhub.com;834615894
Papagena Openshaw;5309;30;popenshaw70@cbc.ca;749608073
Gregor Lilleycrop;5064;21;glilleycrop71@netscape.com;866460031
Terrill Giovanardi;2657;85;tgiovanardi72@slate.com;301627827
Cordula Gingle;4090;44;cgingle73@booking.com;143222413
Diego Baughn;4734;64;dbaughn74@elegantthemes.com;840593517
Meredithe Onslow;7094;44;monslow75@weibo.com;141698164
Palmer Playdon;5064;19;pplaydon76@webmd.com;536104401
Zebadiah Thorwarth;4734;57;zthorwarth77@mail.ru;302674769
Matthaeus Collecott;2243;27;mcollecott78@cargocollective.com;612755749
Kathy Saller;5309;90;ksaller79@ovh.net;266312633
Hedvige Sheridan;2657;91;hsheridan7a@ask.com;492137147
Sigfried Behan;3035;69;sbehan7b@nyu.edu;614061026
Davin Londesborough;5309;93;dlondesborough7c@storify.com;422729581
Christal Petrosian;2243;100;cpetrosian7d@skyrock.com;476200845
Leeland Will;1073;43;lwill7e@archive.org;121559656
Munroe Bullas;7094;39;mbullas7f@123-reg.co.uk;683399767
Nicoli Luetkemeyer;8990;89;nluetkemeyer7g@twitter.com;348037054
Antonin Noen;4734;25;anoen7h@fotki.com;057402455
Jemima Fforde;2112;20;jfforde7i@prnewswire.com;923915063
Armand Sinnock;2170;99;asinnock7j@europa.eu;099244901
Donall Dudding;4090;68;ddudding7k@examiner.com;486837330
Shea Metschke;8978;19;smetschke7l@addthis.com;787856104
Chiquita Howland;2243;86;chowland7m@fotki.com;274264021
Jolyn Josipovitz;1073;84;jjosipovitz7n@auda.org.au;321162751
Harland Darwood;2657;44;hdarwood7o@odnoklassniki.ru;089074875
Ula Shawcross;2170;16;ushawcross7p@ft.com;938363796
Mendie Reignard;5064;38;mreignard7q@cocolog-nifty.com;371990623
Britney Cheverton;8925;42;bcheverton7r@is.gd;842607542
Kettie MacKnocker;7822;38;kmacknocker7s@arstechnica.com;688886172
Abel Briance;2170;91;abriance7t@amazon.co.jp;967848200
Si Stuttard;2243;77;sstuttard7u@163.com;033147046
Hirsch McNeigh;8925;77;hmcneigh7v@yelp.com;428830713
Worden Borgnet;1073;78;wborgnet7w@freewebs.com;253985473
Cornelia Penreth;2112;100;cpenreth7x@toplist.cz;143891598
Rowney Seven;8990;89;rseven7y@ucsd.edu;229277094
Livia Baptiste;8990;91;lbaptiste7z@berkeley.edu;636329753
Mora Avraam;8244;50;mavraam80@example.com;550729792
Beverly Follett;4090;78;bfollett81@gmpg.org;319478754
Cassie Farthing;7822;49;cfarthing82@mtv.com;278982361
Lucille Akast;5309;19;lakast83@dell.com;408686028
Asher Shoebridge;5064;95;ashoebridge84@newsvine.com;335789159
Allissa Bartul;8978;91;abartul85@lycos.com;356876221
Abey O' Byrne;4734;21;ao86@redcross.org;350415268
Allan Bineham;7094;70;abineham87@sohu.com;350858049
Laryssa Cordelette;7822;66;lcordelette88@nih.gov;704767171
Brnaba Hulke;1073;100;bhulke89@uiuc.edu;117807226
Ainsley Hanford;6066;24;ahanford8a@jalbum.net;330356819
Benson Biskup;7094;96;bbiskup8b@taobao.com;558560320
Anabal Sterland;2170;26;asterland8c@archive.org;355568943
Dal Broschke;4090;51;dbroschke8d@barnesandnoble.com;378222697
Milly Simanenko;4090;65;msimanenko8e@opensource.org;435662442
Wolfy Bradshaw;8244;91;wbradshaw8f@360.cn;936012900
Adela Garrettson;7094;69;agarrettson8g@de.vu;092746181
Mireielle MacKettrick;2657;58;mmackettrick8h@sciencedirect.com;511564123
Franciska De Fries;4734;70;fde8i@furl.net;887124820
Tripp Cominetti;8244;38;tcominetti8j@pagesperso-orange.fr;711194144
Cobby Ellwand;6066;32;cellwand8k@tiny.cc;035978941
Murray Lawrie;2112;49;mlawrie8l@wordpress.com;411266006
Max Cheng;8244;68;mcheng8m@about.com;344142260
Tomaso Glyn;8978;97;tglyn8n@fotki.com;742551583
Eirena Rapkins;8244;58;erapkins8o@canalblog.com;611823702
Nissa Lantaff;5309;22;nlantaff8p@smugmug.com;707008709
Lizzy Stammer;2657;18;lstammer8q@miibeian.gov.cn;684647889
Eba Gemlett;8978;18;egemlett8r@dyndns.org;326938810
Iormina Drain;4734;70;idrain8s@businessweek.com;808011778
Guinevere Cristofalo;5064;21;gcristofalo8t@elpais.com;814491658
Sascha Sander;8978;27;ssander8u@nbcnews.com;024539766
Christi Sisey;7094;99;csisey8v@answers.com;040533711
Marj Aukland;8925;100;maukland8w@uiuc.edu;644933094
Alexandro McDougall;5309;89;amcdougall8x@globo.com;369086413
Filberte Leroy;8925;61;fleroy8y@amazon.de;051414904
Binnie Vause;8244;84;bvause8z@ifeng.com;768943704
Pincus Rambadt;7094;34;prambadt90@msu.edu;093613682
Grant Granham;8990;52;ggranham91@ucoz.ru;012461123
Alfons Cowwell;7822;88;acowwell92@amazon.com;604495093
Myles Spaule;2657;44;mspaule93@exblog.jp;382516829
Glyn Dallicoat;2243;30;gdallicoat94@photobucket.com;381075231
Zulema Cleminshaw;8244;51;zcleminshaw95@unicef.org;800133788
Joyce Whifen;4734;40;jwhifen96@yandex.ru;299799562
Ardra Whelband;2143;58;awhelband97@admin.ch;380434859
Lydia Pacey;2243;57;lpacey98@ebay.com;885706532
Conni Thon;2657;88;cthon99@stumbleupon.com;555634891
Winni Tregaskis;7822;18;wtregaskis9a@simplemachines.org;661592669
Tonia Bonnyson;3035;88;tbonnyson9b@google.es;331932243
Lorant Earsman;4090;80;learsman9c@soup.io;301215406
Ethan Marriage;8990;69;emarriage9d@theatlantic.com;374687184
Caro Piotrkowski;3573;30;cpiotrkowski9e@dailymail.co.uk;500029293
Rogers Doeg;4090;47;rdoeg9f@behance.net;612152746
Celie Ramage;5309;73;cramage9g@myspace.com;330393920
Gunter Traynor;2243;88;gtraynor9h@domainmarket.com;971738223
Stacy Kincla;8312;57;skincla9i@census.gov;516392222
Lovell Gillebert;3035;78;lgillebert9j@purevolume.com;245222357
Zitella Skitt;6066;91;zskitt9k@ucoz.com;509546386
Monte Morgen;6066;71;mmorgen9l@artisteer.com;902393318
Amalita Borell;8978;64;aborell9m@spotify.com;378153799
Edwin Desvignes;2657;82;edesvignes9n@shutterfly.com;652777266
Ashlee Aiskrigg;8978;95;aaiskrigg9o@europa.eu;392177263
Isidoro Ord;8312;87;iord9p@aboutads.info;146369726
Devan Rudsdell;6066;87;drudsdell9q@ca.gov;018671142
Chelsae Graveney;7822;27;cgraveney9r@tuttocitta.it;645929924
Beniamino Trimnell;2143;28;btrimnell9s@about.me;934845883
Karalynn Sexstone;7094;70;ksexstone9t@ifeng.com;314283454
Edwina Pope;2143;63;epope9u@tripadvisor.com;724637650
Melicent Deeney;7822;65;mdeeney9v@cisco.com;785836023
Sheila-kathryn Van Hove;5064;37;svan9w@histats.com;643549036
Willow Piddock;6066;84;wpiddock9x@bigcartel.com;223311749
Clemmie Duplan;8978;97;cduplan9y@nationalgeographic.com;740389375
Abagael Stowers;7094;75;astowers9z@dion.ne.jp;974213051
Spense Russi;2170;21;srussia0@infoseek.co.jp;680157658
Nelly Moyers;7094;62;nmoyersa1@utexas.edu;993533516
Cindy McEvay;2657;81;cmcevaya2@parallels.com;861112766
Pierre De Domenicis;3573;94;pdea3@woothemes.com;434306730
Costa Erdes;3573;29;cerdesa4@epa.gov;546902053
Ashlee Slocomb;8973;94;aslocomba5@npr.org;702708693
Holly Curbishley;7822;18;hcurbishleya6@oaic.gov.au;102799314
Scot Hallowes;8244;96;shallowesa7@freewebs.com;429162071
Carolyn Govier;8973;92;cgoviera8@soundcloud.com;543554134
Symon Spata;2170;78;sspataa9@symantec.com;281808186
Berti Towers;8312;26;btowersaa@vistaprint.com;400814236
Sauveur Demer;7094;94;sdemerab@shop-pro.jp;035165680
Hazel Gimlet;8244;61;hgimletac@uol.com.br;525071198
Faydra Eminson;4090;70;feminsonad@over-blog.com;609587467
Faunie Reddan;8925;49;freddanae@cornell.edu;248222284
Herold Mulroy;8925;78;hmulroyaf@yellowpages.com;704329072
Yard Gallimore;5064;59;ygallimoreag@eventbrite.com;019426615
Leanor Ellerey;1073;96;lellereyah@opera.com;512466295
Ax Barg;2112;73;abargai@nytimes.com;350613794
Clarabelle Elloy;8973;94;celloyaj@sakura.ne.jp;481579419
Christine Fitzsymonds;8990;65;cfitzsymondsak@dot.gov;177736003
Timmie Bittany;8244;32;tbittanyal@yelp.com;973998355
Kip MacDirmid;8990;87;kmacdirmidam@prweb.com;113309955
Thebault Lodo;2170;51;tlodoan@auda.org.au;122369586
Melinde Tomaello;2657;19;mtomaelloao@youtube.com;360320864
Kennie Pomroy;5064;42;kpomroyap@loc.gov;071351469
Benoit Wattam;2112;15;bwattamaq@instagram.com;046986122
Maryl Duckett;8973;20;mduckettar@newsvine.com;909774370
Karil Maccrea;1073;22;kmaccreaas@rakuten.co.jp;417223630
Ogdon MacKellen;8244;21;omackellenat@delicious.com;772984434
Timi Manuely;8973;84;tmanuelyau@jalbum.net;870442502
Zebedee Goodbanne;5309;23;zgoodbanneav@uol.com.br;335912287
Tamma Northall;3573;10;tnorthallaw@hatena.ne.jp;054859489
Kerrin Mimmack;1073;35;kmimmackax@people.com.cn;395822326
Jayne Cuxon;8990;23;jcuxonay@woothemes.com;960412729
Deni Bullant;2112;100;dbullantaz@comcast.net;943265551
Humfrey Eye;8990;15;heyeb0@hao123.com;942357343
Katheryn Poytheras;8990;60;kpoytherasb1@umich.edu;033516237
Wiley Darmody;8244;85;wdarmodyb2@mapquest.com;841816525
Jonie Mingasson;6066;79;jmingassonb3@shareasale.com;104822269
Jeffry Wynch;8312;64;jwynchb4@nsw.gov.au;998043186
Missie Phipp;2112;85;mphippb5@tuttocitta.it;623577604
Nolana Di Biagio;3035;42;ndib6@amazonaws.com;198954051
Lilllie Shipton;8990;51;lshiptonb7@ft.com;685357200
Katie Quenby;7822;79;kquenbyb8@etsy.com;835454214
Belle Lewson;8312;12;blewsonb9@tamu.edu;813818672
Ikey Kohn;2170;100;ikohnba@squidoo.com;933830545
Josepha Donner;2143;85;jdonnerbb@1688.com;373683822
Wendie Licciardiello;4734;70;wlicciardiellobc@prlog.org;245900868
Merissa Spadazzi;5309;25;mspadazzibd@ovh.net;583893406
Dorthy Tilberry;8990;16;dtilberrybe@opera.com;772862303
Ellwood Jeal;4734;67;ejealbf@time.com;039248378
Nikolaos Winfield;3035;61;nwinfieldbg@census.gov;530400413
Florida Boog;3573;46;fboogbh@sciencedirect.com;518278052
Robinetta Hoyt;2657;71;rhoytbi@a8.net;173342503
Mandi Gosnold;3573;89;mgosnoldbj@simplemachines.org;995969580
Husein Werndly;2243;34;hwerndlybk@google.fr;329482958
Lennie Danter;8244;96;ldanterbl@blog.com;665760837
Dell Russen;8925;11;drussenbm@epa.gov;465956164
Cordell Aubin;8990;43;caubinbn@shop-pro.jp;992368647
Dominic Emberton;4090;84;dembertonbo@1und1.de;787814799
Vyky Say;8244;40;vsaybp@gizmodo.com;750431062
Hank Kinsman;2657;73;hkinsmanbq@pinterest.com;610103388
Bren McDuffie;3573;60;bmcduffiebr@4shared.com;571163766
Geoff MacEvilly;8312;43;gmacevillybs@unicef.org;681585788
Marcia Rolland;3573;33;mrollandbt@salon.com;669330409
Lyman McGuiney;1073;71;lmcguineybu@mozilla.com;153470910
Quintana Hymor;4734;64;qhymorbv@ebay.co.uk;856836633
Ronny Gooly;4734;49;rgoolybw@is.gd;472129027
Saunders Hamshere;8973;50;shamsherebx@un.org;630883880
Ryan Ivannikov;8990;17;rivannikovby@phpbb.com;470665714
Agna Halloway;7094;25;ahallowaybz@hhs.gov;560854776
Rossy Churches;2657;15;rchurchesc0@geocities.com;335563511
Barthel Destouche;8925;99;bdestouchec1@yellowpages.com;570286970
Renell Oxborough;2243;70;roxboroughc2@slate.com;931358900
Morrie Kingswood;3573;71;mkingswoodc3@de.vu;930597566
Patsy Leverton;5064;69;plevertonc4@walmart.com;694959114
Rick Aindriu;2112;22;raindriuc5@umich.edu;446086516
Mellisent Bonehill;7094;12;mbonehillc6@toplist.cz;107253389
Antonin Bales;2143;91;abalesc7@livejournal.com;255159867
Drona McGrah;8973;98;dmcgrahc8@studiopress.com;095283863
Brennan Zavattieri;8978;28;bzavattieric9@msu.edu;406007188
Annabal Jehan;4090;45;ajehanca@friendfeed.com;569645807
Livvie Shearston;4090;10;lshearstoncb@walmart.com;980641509
Wildon Frere;2143;22;wfrerecc@mozilla.com;676130582
Eziechiele Demelt;7822;24;edemeltcd@walmart.com;868141226
Pier Toulson;8312;37;ptoulsonce@europa.eu;277060334
Perry Ivett;8312;98;pivettcf@csmonitor.com;250447275
Virginia Scimoni;5309;78;vscimonicg@howstuffworks.com;358300102
Mia Gavey;3573;90;mgaveych@redcross.org;614332551
Rory Hatchell;2170;29;rhatchellci@people.com.cn;569804840
Elaine Kach;2657;15;ekachcj@mac.com;693815080
Stephie Chidler;6066;23;schidlerck@washington.edu;891238597
Lucita Anchor;2170;98;lanchorcl@baidu.com;591643006
Valentina Carrodus;8978;15;vcarroduscm@dagondesign.com;456018121
Gaylor Toomey;8978;78;gtoomeycn@twitpic.com;042704472
Zelig Murphey;2657;41;zmurpheyco@ox.ac.uk;929086640
Christen Valenti;2112;38;cvalenticp@discuz.net;537833962
Isidro Lawfull;7094;23;ilawfullcq@rediff.com;596440037
Anabal Oldford;8978;36;aoldfordcr@examiner.com;597865974
Leo Stopper;4090;55;lstoppercs@omniture.com;289810417
Shara Vedmore;8978;50;svedmorect@themeforest.net;356978851
Elie Tessier;8973;28;etessiercu@goo.gl;946034426
Hastie Camosso;8312;94;hcamossocv@mapy.cz;039403650
Lovell Sheal;2170;37;lshealcw@yahoo.com;062387806
Davina Paolozzi;8244;29;dpaolozzicx@acquirethisname.com;515303085
Burnard Clerk;2170;14;bclerkcy@php.net;427354135
Branden Priestland;3035;95;bpriestlandcz@wikia.com;574312891
Shari Lukes;2170;25;slukesd0@fotki.com;334866826
Ilka Schumacher;4734;97;ischumacherd1@geocities.jp;083548400
Worthington Bice;2243;77;wbiced2@bluehost.com;325534316
Odell Pyrton;8244;27;opyrtond3@clickbank.net;232899030
Ruthe Whiting;1073;30;rwhitingd4@umn.edu;026558981
Skelly Dobrowlski;5064;47;sdobrowlskid5@tripod.com;994911799
Clim Connealy;2657;36;cconnealyd6@plala.or.jp;958565279
Roxine Sulley;4734;47;rsulleyd7@tuttocitta.it;157252868
Shannon Harpham;3573;50;sharphamd8@irs.gov;176981602
Pearline Ripon;3035;33;pripond9@bizjournals.com;347191353
Carlye Hitscher;2657;62;chitscherda@hao123.com;742930155
Doyle Mottley;4090;62;dmottleydb@rediff.com;338063539
Dianne Scade;8978;35;dscadedc@dailymotion.com;029785047
Jori Doret;8925;15;jdoretdd@opera.com;048238685
Domingo Dallicott;7822;94;ddallicottde@clickbank.net;675024185
Isac Catterall;7094;84;icatteralldf@hp.com;521730196
Fiorenze Sharpus;8312;74;fsharpusdg@google.com;348772964
Margret Golborn;1073;25;mgolborndh@mediafire.com;032591965
Reagen Klaassens;1073;52;rklaassensdi@pinterest.com;242749114
Willy Mouser;4090;87;wmouserdj@ameblo.jp;000850654
Coralie Sanper;8312;35;csanperdk@arstechnica.com;709594008
Ruthanne Bromley;8925;80;rbromleydl@walmart.com;437477590
Frieda Shovell;7822;100;fshovelldm@google.com.br;402486662
Collete Shanahan;3573;71;cshanahandn@taobao.com;640365213
Cammy Rubke;7822;100;crubkedo@360.cn;345160272
Deirdre Capstack;7822;58;dcapstackdp@scribd.com;022175890
Marris Gussie;3035;94;mgussiedq@nytimes.com;251281779
Dallas Murrigans;2243;83;dmurrigansdr@sciencedaily.com;659197096
Sidoney Palfreeman;7094;78;spalfreemands@theguardian.com;678992469
Horatius Offiler;7094;95;hoffilerdt@theglobeandmail.com;453612342
Cyb Fleeman;4090;91;cfleemandu@usda.gov;981988432
Chico Brookes;4734;67;cbrookesdv@princeton.edu;781870007
Steffane Calvard;7094;86;scalvarddw@myspace.com;711381618
Osbourn Hardinge;8312;74;ohardingedx@hostgator.com;795061891
Christy Izod;2112;37;cizoddy@nydailynews.com;623502828
Saudra Kermit;8978;33;skermitdz@opera.com;236179738
Katina Curedell;6066;15;kcuredelle0@apache.org;374442248
Dewain Goldes;4734;35;dgoldese1@usnews.com;939396665
Corty Ghost;4734;27;cghoste2@live.com;166215483
Caleb Mawtus;2143;50;cmawtuse3@photobucket.com;426876852
Phillida Dallin;8973;11;pdalline4@furl.net;616785506
Jennica Bernette;2143;40;jbernettee5@google.ru;158048907
Ugo Duckham;8312;41;uduckhame6@wired.com;045951606
Aggi Beyn;8973;64;abeyne7@shareasale.com;090139978
Jillayne Kilbane;5309;16;jkilbanee8@last.fm;031172477
Gnni Stocks;6066;30;gstockse9@cbslocal.com;008973229
Maryrose Abbay;3573;34;mabbayea@weebly.com;321822291
Rosette Staries;7094;98;rstarieseb@vistaprint.com;634826854
Bobina Berriball;8990;68;bberriballec@answers.com;767046912
Gillan Nimmo;3035;31;gnimmoed@uol.com.br;933066887
Tommi Roycroft;2243;81;troycroftee@army.mil;598252218
Matteo Milburn;2243;25;mmilburnef@hao123.com;815530763
Claudius Treher;2657;48;ctrehereg@linkedin.com;601631614
Kitty Jindra;7094;90;kjindraeh@usatoday.com;175278572
Corilla Spread;8244;32;cspreadei@cyberchimps.com;807153912
Dagmar Leythley;8978;48;dleythleyej@cornell.edu;392282581
Penrod Bartaloni;8978;64;pbartaloniek@bloomberg.com;084675123
Nathan Tromans;8973;97;ntromansel@homestead.com;840401155
Dalton Rowledge;8244;62;drowledgeem@networksolutions.com;834271322
Olvan Leverton;4734;13;olevertonen@bbb.org;626284927
Gherardo Larter;2243;69;glartereo@buzzfeed.com;855345734
Findley Attlee;8312;64;fattleeep@squarespace.com;483794331
Edeline Wye;8978;51;ewyeeq@aboutads.info;421356234
Webster Course;4090;75;wcourseer@squarespace.com;121173322
Michal Stewartson;3035;18;mstewartsones@nationalgeographic.com;740059997
Gaelan Yezafovich;3035;37;gyezafovichet@harvard.edu;824949833
Sim Bengtsson;8990;62;sbengtssoneu@cdc.gov;481223875
Traci Limon;8978;18;tlimonev@indiatimes.com;903199508
Robinet Breinl;2657;69;rbreinlew@cloudflare.com;471970008
Donielle Foston;6066;63;dfostonex@thetimes.co.uk;827493328
Meagan Dunniom;8244;41;mdunniomey@europa.eu;145981835
Christoforo Doige;8312;71;cdoigeez@msn.com;851566423
Annabel Thwaite;2112;64;athwaitef0@mozilla.com;753865774
Carl Sandyford;7094;65;csandyfordf1@usa.gov;505073480
Armand Armstead;8244;51;aarmsteadf2@merriam-webster.com;958212052
Timmy Meininking;8312;56;tmeininkingf3@imgur.com;371291322
Melina Cudihy;8244;34;mcudihyf4@creativecommons.org;697972031
Care Gillise;2112;34;cgillisef5@biglobe.ne.jp;329803382
Riva Marchington;2170;37;rmarchingtonf6@imdb.com;294776302
Saidee Yoxen;4090;11;syoxenf7@google.pl;358253345
Justina Pietsma;3035;99;jpietsmaf8@goodreads.com;061268010
Ansley Rozier;2657;15;arozierf9@japanpost.jp;654998922
Carie Malyon;7822;80;cmalyonfa@rediff.com;577288308
Virgil Guillart;7822;74;vguillartfb@arstechnica.com;833641500
Christophorus Connew;2657;49;cconnewfc@patch.com;926076909
Abbie Stivers;8990;44;astiversfd@bluehost.com;421177051
Ave Ledur;3573;25;aledurfe@ehow.com;481835544
Lizzie Humphery;2112;45;lhumpheryff@homestead.com;774457499
Kelcie Kleinsmuntz;3035;10;kkleinsmuntzfg@google.pl;804208068
Francisco Raycroft;2143;10;fraycroftfh@usatoday.com;791341557
Cristine Derrick;7094;74;cderrickfi@ehow.com;775115385
Lian McWaters;3573;46;lmcwatersfj@tiny.cc;799660070
Katlin Shinner;2170;35;kshinnerfk@g.co;021937606
Gibby Lyes;2170;40;glyesfl@usa.gov;740601266
Aryn Coggles;2657;47;acogglesfm@bloomberg.com;867219076
Shena Luipold;4734;35;sluipoldfn@icq.com;968588307
Burt Dundon;3035;33;bdundonfo@elpais.com;231743806
Rivalee Nulty;3573;100;rnultyfp@va.gov;682608998
Carmencita McIlwaine;8990;98;cmcilwainefq@noaa.gov;412090978
Cherye Brownsett;2657;70;cbrownsettfr@freewebs.com;547146328
Roderick Spooner;5064;14;rspoonerfs@photobucket.com;540788868
Lewie Zealey;4734;78;lzealeyft@reference.com;197328378
Bella Dive;7822;12;bdivefu@technorati.com;136615435
Dolph Lawrance;6066;64;dlawrancefv@ovh.net;944705458
Jo-ann Dwane;4090;22;jdwanefw@flavors.me;617852238
Annalise Keepin;8244;61;akeepinfx@clickbank.net;553412963
Richy Zimmermanns;2112;100;rzimmermannsfy@tuttocitta.it;049960594
Salmon Gell;8925;39;sgellfz@boston.com;191913659
Kori Phoebe;2143;66;kphoebeg0@wp.com;088607984
Rosaleen Beardall;2243;53;rbeardallg1@apache.org;877366548
Carlee Queen;2143;52;cqueeng2@tinypic.com;361226257
Guido David;8973;30;gdavidg3@w3.org;118254049
Thorny Coulthart;6066;14;tcoulthartg4@cam.ac.uk;867471429
Napoleon Leighfield;8312;19;nleighfieldg5@homestead.com;808543109
Noell Bidewell;2143;23;nbidewellg6@weebly.com;410169849
Parnell Duinkerk;8925;53;pduinkerkg7@npr.org;985783961
Etheline Hudleston;2143;100;ehudlestong8@gmpg.org;010273010
Karalee Moorrud;3573;97;kmoorrudg9@dailymail.co.uk;587673549
Dewitt Harse;5064;22;dharsega@apache.org;363999546
Hamnet Merrien;1073;49;hmerriengb@ihg.com;728305335
Clayson Fishbourne;8244;37;cfishbournegc@imdb.com;641340693
Moyra Tirte;2170;18;mtirtegd@omniture.com;879302603
Gerianne Slaymaker;5064;90;gslaymakerge@discuz.net;443389791
Lucilia Griswood;3035;81;lgriswoodgf@flavors.me;774537809
Halie MacDwyer;8312;90;hmacdwyergg@hexun.com;770262460
Trstram Haldon;8925;36;thaldongh@php.net;216818264
Lowrance Danielczyk;5309;60;ldanielczykgi@ocn.ne.jp;238402742
Carr Grishankov;5309;12;cgrishankovgj@i2i.jp;526190173
Celestine Drever;2112;88;cdrevergk@youtu.be;400805601
Ronnica Cushion;4090;13;rcushiongl@myspace.com;574113784
Yuma Simmell;8925;51;ysimmellgm@dion.ne.jp;898414282
Emmey Labusch;4090;18;elabuschgn@princeton.edu;869880498
Orsola Gergher;5309;21;ogerghergo@huffingtonpost.com;061649064
Charla Pridham;4734;80;cpridhamgp@comsenz.com;860438494
Trent Theodoris;2657;71;ttheodorisgq@ycombinator.com;966311510
Cristen Marti;2112;24;cmartigr@hostgator.com;010674228
Kerry Castro;8312;13;kcastrogs@webnode.com;314095282
Oriana Oxbrow;8990;59;ooxbrowgt@biglobe.ne.jp;285401552
Clara Rogez;2170;84;crogezgu@freewebs.com;049766774
Evie St. John;7094;75;estgv@vkontakte.ru;017649816
Cary Coltart;3035;98;ccoltartgw@cam.ac.uk;453670982
Beverley Herkess;8973;16;bherkessgx@shareasale.com;752993838
Craggie Keune;8973;90;ckeunegy@ycombinator.com;861973444
Gwenni Bowyer;4734;34;gbowyergz@apple.com;749039431
Roseanne Pirouet;2243;46;rpiroueth0@un.org;867546130
Alethea Rymmer;7094;75;arymmerh1@state.gov;034800528
Dill Viant;8973;70;dvianth2@51.la;301166559
Sandye Souley;3035;36;ssouleyh3@trellian.com;973453171
Nels Redman;8978;75;nredmanh4@zdnet.com;598954273
Rosemarie Ziebart;2657;26;rziebarth5@webnode.com;894599853
Jarad Burrus;6066;15;jburrush6@upenn.edu;627888267
Ainsley Powlesland;7094;27;apowleslandh7@mysql.com;018002445
Vikky Liger;8973;92;vligerh8@accuweather.com;679542658
Guthry McBeath;5309;45;gmcbeathh9@ibm.com;656918663
Zorina Hartegan;2143;56;zharteganha@t-online.de;984029200
Carr Boobier;3573;66;cboobierhb@nps.gov;500234075
Bridie Bucksey;2112;11;bbuckseyhc@alibaba.com;792606736
Ethe Karet;2243;76;ekarethd@howstuffworks.com;679255321
Elnar Stilldale;3573;99;estilldalehe@narod.ru;557225989
Alie Faircliff;8244;13;afaircliffhf@utexas.edu;249638297
Neale Boulton;8244;48;nboultonhg@arstechnica.com;051041014
Anderson Eardley;4090;62;aeardleyhh@nasa.gov;880178554
Demetris Searston;5064;80;dsearstonhi@indiegogo.com;521775306
Ida Medcraft;1073;64;imedcrafthj@google.fr;892700545
Odilia Feltoe;7094;42;ofeltoehk@360.cn;157293771
Galina MacRonald;8244;98;gmacronaldhl@cbslocal.com;262338062
Benedicto Guerrieri;1073;50;bguerrierihm@auda.org.au;470951343
Ade MacCostigan;8990;69;amaccostiganhn@cafepress.com;501935940
Thomasin Grolmann;3035;73;tgrolmannho@i2i.jp;364789267
Phoebe Coggen;8244;30;pcoggenhp@netscape.com;277543114
Knox Cayle;5309;12;kcaylehq@springer.com;861463147
Elysha Collen;1073;97;ecollenhr@naver.com;944245314
Ariadne MacCumiskey;8244;55;amaccumiskeyhs@slate.com;928696525
Cecil Victoria;2243;86;cvictoriaht@indiatimes.com;568679461
Yorker Giovannacc@i;8973;44;ygiovannaccihu@mtv.com;598414245
Sibyl Louedey;3035;89;slouedeyhv@blogs.com;916188872
Gwendolyn Rigg;2243;26;grigghw@smh.com.au;706142064
Keri Knowlden;3573;56;kknowldenhx@wufoo.com;751651209
Dun Kennerley;8312;74;dkennerleyhy@wired.com;615937616
Carie Braker;1073;64;cbrakerhz@unc.edu;623418723
Allister Fydoe;8244;95;afydoei0@examiner.com;504736856
Cindee Crone;8978;13;ccronei1@squidoo.com;072045545
Trish Bradman;8312;99;tbradmani2@paypal.com;049018468
Buddie Athersmith;8978;49;bathersmithi3@themeforest.net;995840371
Evvy Aartsen;3035;81;eaartseni4@homestead.com;931098190
Carolan Pamphilon;3035;78;cpamphiloni5@samsung.com;638786637
Odelinda Turmel;7822;57;oturmeli6@cocolog-nifty.com;717993581
Tammi Dallon;8973;26;tdalloni7@over-blog.com;131047307
Abigael Armitt;8973;17;aarmitti8@360.cn;838083815
Korie Stronach;3035;95;kstronachi9@1688.com;006942942
Jami Prozescky;3035;36;jprozesckyia@nbcnews.com;979919662
Zacharia Fuster;5064;93;zfusterib@sitemeter.com;748427594
Trefor McHaffy;5064;48;tmchaffyic@meetup.com;191071007
Kristopher Coddrington;5064;32;kcoddringtonid@pen.io;642670658
Agneta Gumbley;5064;75;agumbleyie@illinois.edu;385191025
Weber Degg;8925;91;wdeggif@dedecms.com;265331299
Sibley Wooster;2243;88;swoosterig@newyorker.com;596452003
Lotti BURWIN;7822;28;lburwinih@europa.eu;396092836
Robena O'Glassane;8990;76;roglassaneii@prlog.org;555709643
Adelaida Grene;2170;52;agreneij@eventbrite.com;641224818
Crin Blakden;5064;99;cblakdenik@photobucket.com;974876100
Robena Pavia;8978;69;rpaviail@theguardian.com;619571933
Yul Van Salzberger;5064;16;yvanim@dagondesign.com;471048480
Mitchel Poncet;7094;58;mponcetin@squarespace.com;204664958
Brock Boniface;1073;25;bbonifaceio@yandex.ru;931196818
Karry Skaif;8244;63;kskaifip@trellian.com;280497439
Arny Caspell;1073;15;acaspelliq@wired.com;951941715
Clem Falconer;6066;87;cfalconerir@vinaora.com;779103483
Reinwald Headech;5309;11;rheadechis@tamu.edu;014574113
Kylila Heald;6066;69;khealdit@phpbb.com;446359746
Laird Bodsworth;3573;91;lbodsworthiu@discuz.net;312167855
Allys Lamshead;3573;16;alamsheadiv@howstuffworks.com;488561978
Dalila Tuther;8244;17;dtutheriw@histats.com;734693475
Jsandye Szymonwicz;8312;38;jszymonwiczix@imgur.com;378631921
Keri Dullaghan;2243;61;kdullaghaniy@ifeng.com;975131468
Lyn Greenhow;8312;85;lgreenhowiz@flavors.me;113942194
Sabine Orgee;1073;57;sorgeej0@deliciousdays.com;030095955
Rita Curreen;6066;74;rcurreenj1@auda.org.au;242058269
Elbertina Blondelle;8925;55;eblondellej2@ox.ac.uk;382642133
Ashlee Piscopo;8244;57;apiscopoj3@ed.gov;788721766
Lolita Muffin;5064;15;lmuffinj4@reference.com;329437752
Deirdre Dilley;2170;66;ddilleyj5@wikispaces.com;025972942
Wileen Proffitt;2143;38;wproffittj6@indiegogo.com;472411452
Hall McRavey;8244;15;hmcraveyj7@taobao.com;017820732
Sonnie Cartmel;2657;90;scartmelj8@independent.co.uk;631239527
Doralia Borkin;2143;98;dborkinj9@w3.org;831007894
Lisa Lafee;7822;51;llafeeja@artisteer.com;102115767
Darya Steptowe;3573;59;dsteptowejb@so-net.ne.jp;041584448
Abba Adney;8973;68;aadneyjc@taobao.com;808782603
Adara Huggen;2243;60;ahuggenjd@businessinsider.com;918205636
Collie Ricks;8312;89;cricksje@vk.com;281222308
Terrell Bice;4090;28;tbicejf@twitpic.com;456714816
Charlie Androlli;8978;94;candrollijg@google.it;001838169
Kathe Penniell;7822;22;kpennielljh@weather.com;831894449
Catherina Maddrell;8244;54;cmaddrellji@jugem.jp;542074338
Noble Haquard;2657;23;nhaquardjj@reference.com;026762876
Aviva Harding;8990;76;ahardingjk@uiuc.edu;512756736
Darlleen Dearth;2170;88;ddearthjl@1und1.de;086516190
Virginia Goadby;8244;53;vgoadbyjm@imageshack.us;261953598
Risa Magister;2170;54;rmagisterjn@twitter.com;519750993
La verne Quoit;2243;15;lvernejo@army.mil;094748600
Bernie Paddingdon;2657;70;bpaddingdonjp@feedburner.com;941577797
Corabel Golborn;2143;93;cgolbornjq@yolasite.com;601521748
Yolane Dessant;1073;26;ydessantjr@blogspot.com;446410827
Toma Durno;3573;80;tdurnojs@multiply.com;332950846
Minta Kiddell;4090;60;mkiddelljt@newsvine.com;631117843
Randi Tomas;2143;100;rtomasju@dropbox.com;488982443
Tirrell Joysey;3573;83;tjoyseyjv@fotki.com;903871756
Teriann Frany;7822;76;tfranyjw@ucla.edu;758610184
Woody Paradine;8312;40;wparadinejx@cam.ac.uk;961291770
Bertine Burchfield;4090;27;bburchfieldjy@virginia.edu;546560176
Cacilia Tilt;7094;29;ctiltjz@youku.com;335338283
Jillayne George;2657;40;jgeorgek0@addtoany.com;405091410
Gradeigh Eglise;8244;57;geglisek1@sina.com.cn;243576702
Rich Itzkin;2143;86;ritzkink2@cbsnews.com;365113090
Yulma Dobbinson;8990;50;ydobbinsonk3@forbes.com;441367609
Katerine Clewes;3573;89;kclewesk4@jalbum.net;509270155
Cory Jillis;7822;28;cjillisk5@jalbum.net;923541509
Berton Kale;8925;54;bkalek6@businessinsider.com;035833222
Arline Schuck;3573;11;aschuckk7@arstechnica.com;752251235
Timmie Screas;8925;54;tscreask8@nifty.com;055206594
Eudora Ashment;8925;48;eashmentk9@about.me;600293440
Karl Lownds;4734;29;klowndska@ft.com;658353633
Hamid Bratch;2657;66;hbratchkb@bloglovin.com;188216459
Raynard Lonnon;2143;83;rlonnonkc@edublogs.org;078746972
Corabelle Dodwell;8312;23;cdodwellkd@fda.gov;768391363
Melosa Cadwaladr;4090;43;mcadwaladrke@dailymotion.com;392339960
Milena Eddisford;7822;88;meddisfordkf@mit.edu;223591194
Armand Alenshev;3035;94;aalenshevkg@upenn.edu;653874368
Wallie Lock;3035;43;wlockkh@edublogs.org;751124127
Carlynn Sharma;5309;59;csharmaki@liveinternet.ru;607966363
Calhoun Cawson;3573;70;ccawsonkj@craigslist.org;698683277
Tracey Follis;8925;12;tfolliskk@1und1.de;064848857
Julian Cumming;7094;74;jcummingkl@engadget.com;685539525
Launce Madden;8978;13;lmaddenkm@guardian.co.uk;482774442
Kris Cavil;2112;14;kcavilkn@answers.com;833824822
Angelico Gee;1073;31;ageeko@abc.net.au;588414121
Misti Cambden;7094;30;mcambdenkp@digg.com;789504667
Madge Ronchka;8312;74;mronchkakq@jigsy.com;040506658
Annecorinne Casburn;2243;39;acasburnkr@github.com;759065934
Janifer Kusick;8973;26;jkusickks@sogou.com;522600887
Tobi Blaschke;1073;21;tblaschkekt@icq.com;175480274
Lyda Wesson;8244;97;lwessonku@reuters.com;693651884
Sharia Bixley;1073;49;sbixleykv@ucoz.com;306514869
Merla Luebbert;2170;96;mluebbertkw@vimeo.com;559817737
Rosetta Ramsden;1073;70;rramsdenkx@discovery.com;310263559
Elly Fleischmann;8244;42;efleischmannky@walmart.com;210012165
Marti Hammel;5309;16;mhammelkz@narod.ru;551803196
Rickard Maskelyne;6066;49;rmaskelynel0@themeforest.net;280771762
Tallulah Yakutin;2112;34;tyakutinl1@wikipedia.org;232847983
Hugo Alexandersen;2243;23;halexandersenl2@furl.net;925466736
Alana Isles;4734;90;aislesl3@wordpress.org;634069727
Sheba Burgin;4090;30;sburginl4@home.pl;184151347
Frederic Evitt;8978;60;fevittl5@yellowpages.com;162137934
Donn Stolberg;2112;74;dstolbergl6@redcross.org;129998244
Lawry Anstead;4090;25;lansteadl7@upenn.edu;253378778
Borden Dominy;5064;70;bdominyl8@techcrunch.com;276060317
Anabelle Hiddy;8990;40;ahiddyl9@digg.com;836119879
Ellswerth Broinlich;3573;92;ebroinlichla@sciencedirect.com;574010690
Greta Dubock;7094;76;gdubocklb@csmonitor.com;843410064
Sharleen Gotthard;2143;16;sgotthardlc@house.gov;727065896
Hedy Jeannequin;2243;35;hjeannequinld@narod.ru;237710093
Talya Dive;2170;48;tdivele@ed.gov;688912905
Mordecai Hollows;3573;75;mhollowslf@imageshack.us;761173407
Shadow Blasing;4734;88;sblasinglg@vistaprint.com;763495820
Damita Alvarez;2243;60;dalvarezlh@smh.com.au;175843350
Sauveur Sedge;7094;41;ssedgeli@prweb.com;488995485
Cicily Brunel;8978;74;cbrunellj@biglobe.ne.jp;663072396
Yance Sammes;7094;75;ysammeslk@w3.org;754111081
Hamnet Morrill;2143;81;hmorrillll@dmoz.org;944064151
Vannie Flippini;7094;84;vflippinilm@mozilla.org;468606693
Shurlock Flack;4734;27;sflackln@state.tx.us;351807497
Anstice Puffett;2170;91;apuffettlo@house.gov;229435834
Evelina Booley;3035;40;ebooleylp@symantec.com;170449043
Isidore Caldroni;8244;72;icaldronilq@spiegel.de;631015536
Ogdon Forson;6066;54;oforsonlr@cbsnews.com;840143239
Jeanine Moakler;2657;54;jmoaklerls@histats.com;148434945
Lenci Minton;8990;77;lmintonlt@istockphoto.com;751931998
Mariejeanne Randalson;8312;90;mrandalsonlu@independent.co.uk;997087918
Charlot Ayree;6066;100;cayreelv@cpanel.net;167330006
Magdaia Kroch;3573;82;mkrochlw@usgs.gov;158669081
Sawyer Maiden;7822;33;smaidenlx@cmu.edu;514942883
Sollie Chessum;8973;91;schessumly@acquirethisname.com;651450865
Damiano Mathews;2243;94;dmathewslz@trellian.com;073367415
Boycie Ibert;8973;69;bibertm0@independent.co.uk;830479980
Heindrick Deesly;5064;37;hdeeslym1@dyndns.org;164622195
Babita Cruikshank;2112;94;bcruikshankm2@addtoany.com;181827333
Niccolo Duguid;8244;53;nduguidm3@linkedin.com;376524737
Jodie Cahani;6066;74;jcahanim4@zimbio.com;293670317
Conway Perrelle;2657;64;cperrellem5@nymag.com;624928717
Chev Jaggli;8312;77;cjagglim6@scribd.com;800133702
Floris Spinke;3035;80;fspinkem7@i2i.jp;885133150
Xenia Bedle;2143;96;xbedlem8@ebay.co.uk;267452714
Kile Smallpiece;7094;13;ksmallpiecem9@uol.com.br;959236808
Neddy Lewens;2657;20;nlewensma@spotify.com;089424191
Madison Broadwood;2143;80;mbroadwoodmb@columbia.edu;587721743
Hillery Bengtsson;7822;57;hbengtssonmc@imgur.com;043384495
Luce McPhelimey;3573;33;lmcphelimeymd@themeforest.net;102799675
Melosa MacDermand;8925;63;mmacdermandme@a8.net;404739407
Garv Chinn;4090;83;gchinnmf@ted.com;718241263
Sonnnie Lemmanbie;1073;72;slemmanbiemg@liveinternet.ru;907994491
Krysta Leckenby;8973;52;kleckenbymh@taobao.com;600105055
Esme Himpson;2657;62;ehimpsonmi@jugem.jp;689568392
Rickie Carleton;2170;37;rcarletonmj@booking.com;821991194
Lacie Chapple;8990;33;lchapplemk@pbs.org;572939926
Madelena Attersoll;8978;92;mattersollml@hostgator.com;968951077
Marietta Warsap;6066;58;mwarsapmm@dot.gov;410143762
Tynan Braithwaite;4090;27;tbraithwaitemn@census.gov;478580358
Blair Lanegran;4734;76;blanegranmo@hostgator.com;594441674
Shanda Corkish;8312;33;scorkishmp@360.cn;806633729
Suzanna McGerraghty;2657;69;smcgerraghtymq@topsy.com;740543760
Joey Okey;2112;20;jokeymr@samsung.com;200170169
Bernadene Kimblin;8978;49;bkimblinms@flickr.com;133833690
Gabriela Blazdell;5064;60;gblazdellmt@discuz.net;187928768
Ronny Scroggie;4090;33;rscroggiemu@spotify.com;480272557
Maxy Niemetz;8312;79;mniemetzmv@linkedin.com;581408541
Mose Elesander;8973;57;melesandermw@ucoz.com;562810765
Angie Mathou;8978;61;amathoumx@mlb.com;490921922
Ron Bowry;8990;64;rbowrymy@harvard.edu;044867845
Alina Hawes;8244;21;ahawesmz@1und1.de;846260820
Ethelind Pyner;8990;53;epynern0@scientificamerican.com;171044641
Riane Ailsbury;8925;81;railsburyn1@cbc.ca;803635858
Jacinda Sugarman;5064;69;jsugarmann2@php.net;051132022
Billy Brandolini;8925;53;bbrandolinin3@constantcontact.com;718978394
Terese Obern;6066;87;tobernn4@cbslocal.com;850535826
Novelia Heinemann;3573;99;nheinemannn5@jalbum.net;556034005
Clemmie Newlands;8990;10;cnewlandsn6@ed.gov;763489069
Mathew Cruddace;6066;91;mcruddacen7@usatoday.com;573077955
Marrilee Mulrooney;5064;29;mmulrooneyn8@wordpress.com;660220426
Karlan Pratley;5309;65;kpratleyn9@so-net.ne.jp;928713376
Evelina O'Doherty;2143;43;eodohertyna@washington.edu;832633773
Cosetta Tie;5309;37;ctienb@jiathis.com;024359328
Enrique Terzi;5064;37;eterzinc@foxnews.com;465418343
Alida Arni;7822;93;aarnind@hostgator.com;571133059
Katleen Cargenven;7822;46;kcargenvenne@fema.gov;910285832
Wade Muris;4090;68;wmurisnf@unicef.org;588117592
Aloise Ginley;2657;66;aginleyng@issuu.com;037252926
Sayers Calow;2143;64;scalownh@spiegel.de;546715565
Molly De Bruin;3573;63;mdeni@indiatimes.com;991618619
Wade Vaan;2112;45;wvaannj@oakley.com;535958971
Lucian Marquiss;8244;81;lmarquissnk@blogspot.com;950622509
Junia Hablot;8312;71;jhablotnl@addtoany.com;053167084
Magdalena Blaschek;8978;81;mblascheknm@feedburner.com;190257970
Justino McCluin;4090;95;jmccluinnn@creativecommons.org;661523593
Archibold Cockshut;5064;91;acockshutno@gnu.org;202066631
Leslie Hamblyn;5309;33;lhamblynnp@sciencedaily.com;983354738
Burgess Scawn;8978;68;bscawnnq@reverbnation.com;799697968
Davidde Tixier;8973;42;dtixiernr@prweb.com;189488729
Hatti Munden;8990;26;hmundenns@state.tx.us;441621228
Shepperd Tapley;3573;64;stapleynt@dailymail.co.uk;451588926
Sallee Kuhwald;6066;93;skuhwaldnu@wikia.com;474690851
Giulietta Seeviour;8990;56;gseeviournv@jimdo.com;198993898
Frankie Rennels;2657;73;frennelsnw@weibo.com;429867680
Ira Collingwood;4090;41;icollingwoodnx@boston.com;268826501
Casey Gotliffe;2170;64;cgotliffeny@rediff.com;796224811
Bail Climar;5064;82;bclimarnz@independent.co.uk;409986895
Cathlene Scarce;5309;21;cscarceo0@ocn.ne.jp;231440804
Marlow Kenefick;3573;67;mkeneficko1@nsw.gov.au;365034072
Wini Claris;8312;42;wclariso2@tiny.cc;359076334
Ginevra Bedbury;8990;96;gbedburyo3@hugedomains.com;003461064
Dannie Conneely;2243;22;dconneelyo4@google.nl;548113352
Mureil Nisot;8990;64;mnisoto5@cpanel.net;962386909
Faith Cornehl;2657;47;fcornehlo6@google.ca;422438036
Roze Safont;4090;15;rsafonto7@cbslocal.com;082751577
Storm Bucklee;7094;67;sbuckleeo8@instagram.com;491688048
Gwynne MacKeeg;7094;81;gmackeego9@java.com;744154537
Sutherland Adamczewski;2143;63;sadamczewskioa@hc360.com;222506089
Yoshiko Trudgion;2143;11;ytrudgionob@cdbaby.com;265814873
Oneida Carey;2170;91;ocareyoc@amazon.co.uk;744910739
Ardath Pfaffel;3573;96;apfaffelod@reddit.com;276761241
Lyndy Ramage;5309;84;lramageoe@home.pl;853082989
Britte Clancey;7822;55;bclanceyof@360.cn;048213062
Marni Althorp;8244;22;malthorpog@ft.com;188109319
Townie Dryden;8312;22;tdrydenoh@hexun.com;602338581
Hogan Snadden;8244;92;hsnaddenoi@opensource.org;398770477
Earvin Dougary;2170;80;edougaryoj@newsvine.com;258365755
Arliene Titterell;2112;27;atitterellok@wiley.com;443276532
Del Leney;2112;79;dleneyol@angelfire.com;944643428
Mick Whitmell;2112;22;mwhitmellom@desdev.cn;980555125
Roseline Bromwich;2112;83;rbromwichon@amazon.co.jp;044830366
Bernard Sandwick;2243;97;bsandwickoo@webmd.com;171486724
Jere Sheasby;5309;36;jsheasbyop@answers.com;383360766
Corry McGreary;4734;32;cmcgrearyoq@deviantart.com;799211380
Birk Keady;2657;15;bkeadyor@earthlink.net;876891898
Nanci Neeve;1073;84;nneeveos@a8.net;135499643
Bradly Andri;8973;70;bandriot@yellowpages.com;126859913
Chloette Snowdon;1073;90;csnowdonou@craigslist.org;627323733
Anabelle Phalp;8925;41;aphalpov@mediafire.com;128624825
Dayle Charley;4734;55;dcharleyow@com.com;230255348
Hetty Toffanini;8312;51;htoffaniniox@un.org;326060810
Boy MacAndrew;8990;76;bmacandrewoy@1688.com;977757811
Tabby Cescoti;6066;81;tcescotioz@cnn.com;095093673
Emmalynne D'Almeida;7822;65;edalmeidap0@umn.edu;154218371
Dorian De Ortega;3035;91;ddep1@webs.com;187854999
Trey D'Ambrogio;2243;31;tdambrogiop2@phpbb.com;179573604
Teddy Wigan;5309;36;twiganp3@sciencedirect.com;623791822
Brent Claiden;2170;95;bclaidenp4@bandcamp.com;084972044
Lib MacCurtain;5309;39;lmaccurtainp5@blinklist.com;764887059
Jeffie Treadaway;8312;26;jtreadawayp6@cam.ac.uk;981463560
Eimile Strelitzer;8978;10;estrelitzerp7@netvibes.com;154582948
Nevin Tuftin;2112;22;ntuftinp8@deviantart.com;602810807
Hal Dunlea;2657;63;hdunleap9@chron.com;854093085
Alleen Pill;4090;45;apillpa@lulu.com;413764474
Kalle Imms;8978;82;kimmspb@nydailynews.com;016551679
Leann Wagstaff;5064;61;lwagstaffpc@prnewswire.com;456375600
Barby Rotherham;6066;98;brotherhampd@nasa.gov;609489017
Elinor Corby;2170;14;ecorbype@chicagotribune.com;667219843
Eduino Skey;6066;34;eskeypf@scientificamerican.com;478204904
Zelma Duckering;8312;41;zduckeringpg@mysql.com;357844654
Mikkel Nye;2143;71;mnyeph@usgs.gov;440611239
Timothy Juszczak;8990;58;tjuszczakpi@blog.com;173577350
Spense Yushkov;2170;28;syushkovpj@eventbrite.com;395975800
Sayre Akenhead;2170;69;sakenheadpk@umn.edu;457285362
Silas Taffrey;7094;28;staffreypl@creativecommons.org;977259937
Brynne Hammonds;4090;72;bhammondspm@telegraph.co.uk;288254113
Lindie Joicey;5064;83;ljoiceypn@google.nl;021674912
Rodolfo Fortnon;4734;92;rfortnonpo@friendfeed.com;752568881
Gusty Ollington;1073;42;gollingtonpp@java.com;247804078
Carver Money;1073;84;cmoneypq@paginegialle.it;591153891
Aundrea Stranger;4090;54;astrangerpr@exblog.jp;034204586
Rosaline Dollen;3573;98;rdollenps@timesonline.co.uk;078973008
Gwenora Gravells;2112;43;ggravellspt@angelfire.com;351395110
Janaye Polon;8925;91;jpolonpu@cpanel.net;037092883
Caresa Brickell;6066;93;cbrickellpv@yahoo.com;034368929
Aron Wimpey;2143;71;awimpeypw@nps.gov;470859603
Rubetta Ambrogioli;3573;52;rambrogiolipx@oracle.com;485837289
Isador Petrescu;2170;65;ipetrescupy@webnode.com;812494842
Lauren Pariso;8925;23;lparisopz@freewebs.com;048189192
Sibeal Finch;2243;91;sfinchq0@statcounter.com;674013546
Raynard Abramski;8312;34;rabramskiq1@123-reg.co.uk;679072023
Hilde Petrovic;6066;36;hpetrovicq2@admin.ch;029102978
Isac Meynell;2112;83;imeynellq3@moonfruit.com;941971315
Rafaello Ellett;4734;79;rellettq4@cdbaby.com;444447977
Fayette Pietruszewicz;1073;75;fpietruszewiczq5@nature.com;721802352
Kerry Zebedee;8312;32;kzebedeeq6@apache.org;408233093
Calypso MacMeanma;3035;62;cmacmeanmaq7@meetup.com;234715989
Bat Zorzoni;2112;82;bzorzoniq8@jalbum.net;230469295
Bridgette Cowely;5064;95;bcowelyq9@unesco.org;330418038
Estele Reddyhoff;3573;72;ereddyhoffqa@friendfeed.com;775149461
Dillon Rattery;2170;76;dratteryqb@storify.com;163237776
Thaine Gonzalvo;7822;42;tgonzalvoqc@buzzfeed.com;676018602
Thayne Schrieves;1073;13;tschrievesqd@mozilla.com;009563441
Sal Biggadyke;5309;38;sbiggadykeqe@friendfeed.com;739282867
Chrissy Greatex;8312;50;cgreatexqf@rambler.ru;840058003
Nicolas Bach;3573;60;nbachqg@irs.gov;685136849
Maible Ferry;8312;33;mferryqh@samsung.com;591768114
Major Marte;2657;76;mmarteqi@mysql.com;995547661
Torie Pinchback;2657;92;tpinchbackqj@ft.com;563818410
Anstice Snape;4090;50;asnapeqk@alexa.com;862415572
Caria Fealey;3573;45;cfealeyql@msu.edu;396122980
Pace Brevitt;2657;30;pbrevittqm@paypal.com;467209411
Bernete Gandy;2657;85;bgandyqn@hp.com;358084392
Frannie Applegate;2170;76;fapplegateqo@apache.org;789442242
Brittani Smewin;1073;10;bsmewinqp@wordpress.com;594330134
Ugo Goadbie;1073;42;ugoadbieqq@networksolutions.com;811099444
Aldo Gason;3573;44;agasonqr@huffingtonpost.com;890287231
Papageno Taffs;5309;88;ptaffsqs@craigslist.org;974854296
Elliott Posen;2243;10;eposenqt@geocities.jp;615081953
Mord Coda;7822;60;mcodaqu@edublogs.org;807149090
Klara Folkerd;7094;84;kfolkerdqv@ebay.com;136924009
Phyllys McCandie;7822;92;pmccandieqw@telegraph.co.uk;199899968
Sheela McMylor;8990;22;smcmylorqx@over-blog.com;344992522
Anallese Benneyworth;2243;71;abenneyworthqy@meetup.com;264459628
Heida Olle;4734;71;holleqz@instagram.com;036453807
Carey Carrack;3035;35;ccarrackr0@technorati.com;361526296
Sanders Leon;5064;90;sleonr1@w3.org;491613468
Donny Bindon;8244;13;dbindonr2@i2i.jp;788618318
Elinore Carlton;7822;10;ecarltonr3@hp.com;487745782
Milton Bronger;8978;10;mbrongerr4@yellowpages.com;736635848
Stormi Brooke;8978;74;sbrooker5@usda.gov;810425323
Wallie Stedson;8312;16;wstedsonr6@examiner.com;613710257
Mart Storrar;4734;41;mstorrarr7@blogger.com;575729430
Ginnie Ellingsworth;2112;64;gellingsworthr8@va.gov;676026890
Hildy Wogden;1073;43;hwogdenr9@state.gov;120493979
Alanna Ygoe;4734;61;aygoera@techcrunch.com;346655155
Lonee Gowers;7094;14;lgowersrb@opensource.org;863209899
Maisey Zukerman;5309;86;mzukermanrc@latimes.com;116277686
Bev Barmby;3035;12;bbarmbyrd@japanpost.jp;796609337
Bordie Lillgard;3573;92;blillgardre@ftc.gov;376137197
Horton Parfitt;6066;72;hparfittrf@360.cn;220701628
Erhard Britian;7822;22;ebritianrg@hostgator.com;183668712
Loretta Scafe;3573;91;lscaferh@rambler.ru;269994106
Morgun Taig;8925;13;mtaigri@youtube.com;594114510
Almira Albrooke;3573;90;aalbrookerj@howstuffworks.com;823091166
Stephani Bonnette;4734;52;sbonnetterk@feedburner.com;825877267
Indira Rapkins;7094;94;irapkinsrl@bing.com;025763162
Andy Bazoche;6066;22;abazocherm@about.com;534259732
Ashly Pablos;8973;86;apablosrn@blogger.com;161758314
Liva Ryley;8925;81;lryleyro@cbc.ca;730893130
Lavina Cowlin;8244;95;lcowlinrp@umn.edu;950630371
Cindy Staries;8925;12;cstariesrq@youtu.be;935269424
Barton Spikings;8925;14;bspikingsrr@marriott.com;861897692
